{
  "1. Feature Extraction": {
    "best_val_acc": 80.64,
    "final_train_acc": 78.422,
    "final_val_acc": 79.17,
    "final_train_loss": 0.621291775761358,
    "final_val_loss": 0.6132243150358747
  },
  "2. Full Fine-tuning": {
    "best_val_acc": 94.6,
    "final_train_acc": 98.392,
    "final_val_acc": 94.41,
    "final_train_loss": 0.04625219515571847,
    "final_val_loss": 0.23800144251287694
  },
  "3. From Scratch": {
    "best_val_acc": 86.86,
    "final_train_acc": 89.004,
    "final_val_acc": 86.86,
    "final_train_loss": 0.3195558067153939,
    "final_val_loss": 0.41283003672672686
  },
  "4. FT + CIFAR-адаптация": {
    "best_val_acc": 91.28,
    "final_train_acc": 95.788,
    "final_val_acc": 90.95,
    "final_train_loss": 0.122451183174158,
    "final_val_loss": 0.3230569053939573
  }
}